name,position,team,projection
Ja'Marr Chase,WR,CIN,301.8
Justin Jefferson,WR,MIN,281.7
Saquon Barkley,RB,PHI,296.9
CeeDee Lamb,WR,DAL,277.6
Amon-Ra St. Brown,WR,DET,267.3
Bijan Robinson,RB,ATL,283.9
Puka Nacua,WR,LA,264.6
Malik Nabers,WR,NYG,262.3
Christian McCaffrey,RB,SF,275
Jahmyr Gibbs,RB,DET,275
Nico Collins,WR,HOU,252.8
Brian Thomas,WR,JAC,247.6
A.J. Brown,WR,PHI,242.7
Drake London,WR,ATL,241.4
Devon Achane,RB,MIA,257.3
Ashton Jeanty,RB,LV,253.6
Tyreek Hill,WR,MIA,231.4
Derrick Henry,RB,BAL,248.2
Ladd McConkey,WR,LAC,229.2
Bucky Irving,RB,TB,241.9
Tee Higgins,WR,CIN,221.7
Brock Bowers,TE,LV,230
Josh Jacobs,RB,GB,235.8
Jaxon Smith-Njigba,WR,SEA,216
D.J. Moore,WR,CHI,213.4
Garrett Wilson,WR,NYJ,212.9
Jonathan Taylor,RB,IND,231.2
Marvin Harrison,WR,ARI,211.8
Davante Adams,WR,LA,211.7
Kyren Williams,RB,LA,228.5
Terry McLaurin,WR,WAS,209.5
Zay Flowers,WR,BAL,209.1
Rashee Rice,WR,KC,207.2
Mike Evans,WR,TB,206.8
Chase Brown,RB,CIN,224.5
Trey McBride,TE,ARI,215.7
Breece Hall,RB,NYJ,223.2
D.K. Metcalf,WR,PIT,203.9
DeVonta Smith,WR,PHI,203.5
Josh Allen,QB,BUF,344.3
Xavier Worthy,WR,KC,202.3
Courtland Sutton,WR,DEN,199
Chris Olave,WR,NO,197.7
Jameson Williams,WR,DET,197
James Cook,RB,BUF,215.9
Alvin Kamara,RB,NO,215.7
Joe Mixon,RB,HOU,215
Tetairoa McMillan,WR,CAR,195.1
George Pickens,WR,DAL,194
Chris Godwin,WR,TB,193.7
Calvin Ridley,WR,TEN,192.7
Jaylen Waddle,WR,MIA,192.6
Lamar Jackson,QB,BAL,332.9
Jordan Addison,WR,MIN,191
Travis Hunter,WR,JAC,190.8
Jerry Jeudy,WR,CLE,189.7
Khalil Shakir,WR,BUF,189.3
Deebo Samuel,WR,WAS,187.5
Rome Odunze,WR,CHI,186.5
Jakobi Meyers,WR,LV,183.9
Chuba Hubbard,RB,CAR,202.4
Kenneth Walker III,RB,SEA,202
Jauan Jennings,WR,SF,181.1
Stefon Diggs,WR,NE,179.7
David Montgomery,RB,DET,196.1
Cooper Kupp,WR,SEA,177
Omarion Hampton,RB,LAC,195.9
James Conner,RB,ARI,195.2
Matthew Golden,WR,GB,175.8
Jayden Reed,WR,GB,174.8
Jalen Hurts,QB,PHI,315
George Kittle,TE,SF,183.8
Tony Pollard,RB,TEN,190.5
Darnell Mooney,WR,ATL,170.3
Jayden Daniels,QB,WAS,311.2
Ricky Pearsall,WR,SF,167.4
Sam LaPorta,TE,DET,176.4
Travis Kelce,TE,KC,174.4
RJ Harvey,RB,DEN,182.5
Joe Burrow,QB,CIN,304.1
Aaron Jones,RB,MIN,181.2
TreVeyon Henderson,RB,NE,179.5
Josh Downs,WR,IND,160.1
Brandon Aiyuk,WR,SF,158.5
Quinshon Judkins,RB,CLE,175.9
D'Andre Swift,RB,CHI,174.8
TJ Hockenson,TE,MIN,165.9
Keon Coleman,WR,BUF,151.1
Christian Kirk,WR,HOU,151
Michael Pittman,WR,IND,150.6
Mark Andrews,TE,BAL,163.4
Marvin Mims,WR,DEN,147.1
Emeka Egbuka,WR,TB,146.8
Adam Thielen,WR,CAR,146.7
Tyrone Tracy,RB,NYG,166.5
Jaylen Warren,RB,PIT,165.7
Luther Burden,WR,CHI,141.7
Kyle Williams,WR,NE,141.3
Rashid Shaheed,WR,NO,141
Wan'Dale Robinson,WR,NYG,140.6
Jonnu Smith,TE,MIA,159.9
Quentin Johnston,WR,LAC,139.2
Jayden Higgins,WR,HOU,139
Kaleb Johnson,RB,PIT,159.5
Cedric Tillman,WR,CLE,137.6
Marquise Brown,WR,KC,137.2
Xavier Legette,WR,CAR,135.1
Patrick Mahomes II,QB,KC,286.9
Brian Robinson,RB,WAS,154.2
Jack Bech,WR,LV,132.2
Romeo Doubs,WR,GB,132.1
Rashod Bateman,WR,BAL,131.8
Michael Wilson,WR,ARI,131.2
Demario Douglas,WR,NE,128.1
Najee Harris,RB,LAC,148.9
Darius Slayton,WR,NYG,126
Zach Charbonnet,RB,SEA,147
Baltimore Defense,DEF,BAL,143.2
David Njoku,TE,CLE,151.8
Rhamondre Stevenson,RB,NE,144.6
Dallas Defense,DEF,DAL,142.1
Tre Harris,WR,LAC,121.7
Tyjae Spears,RB,TEN,142.3
Isaih Pacheco,RB,KC,141.4
Cincinnati Defense,DEF,CIN,140.4
NY Jets Defense,DEF,NYJ,140
Travis Etienne,RB,JAC,139.7
Jalen McMillan,WR,TB,116.2
Evan Engram,TE,DEN,147.6
Cleveland Defense,DEF,CLE,138.4
Elic Ayomanor,WR,TEN,114.8
Tyler Lockett,WR,TEN,114
Cam Skattebo,RB,NYG,134.5
Kansas City Defense,DEF,KC,136.9
Pittsburgh Defense,DEF,PIT,136.8
Josh Palmer,WR,BUF,111.9
Buffalo Defense,DEF,BUF,136.7
San Francisco Defense,DEF,SF,134.4
Baker Mayfield,QB,TB,273.3
Calvin Austin,WR,PIT,104.8
DeAndre Hopkins,WR,BAL,104.7
Javonte Williams,RB,DAL,126.1
Ray-Ray McCloud,WR,ATL,103.8
Andrei Iosivas,WR,CIN,103.3
Alec Pierce,WR,IND,103.1
Rachaad White,RB,TB,123.1
Philadelphia Defense,DEF,PHI,131.2
Austin Ekeler,RB,WAS,122
Bo Nix,QB,DEN,270.1
Kyler Murray,QB,ARI,269.2
Tre Tucker,WR,LV,97.1
Jake Ferguson,TE,DAL,138
Harrison Butker,K,KC,135.7
Tank Bigsby,RB,JAC,117.3
Tampa Bay Defense,DEF,TB,128.5
J.K. Dobbins,RB,DEN,116.9
Jalen Coker,WR,CAR,95.3
Matt Gay,K,WAS,134.9
Jordan Mason,RB,MIN,116
Caleb Williams,QB,CHI,264.6
Diontae Johnson,WR,CLE,93.9
Pat Freiermuth,TE,PIT,136.6
Jaydon Blue,RB,DAL,114.4
Ray Davis,RB,BUF,114.3
Younghoe Koo,K,ATL,133.9
Bhayshul Tuten,RB,JAC,114.2
Dallas Goedert,TE,PHI,134.8
Dalton Kincaid,TE,BUF,134.5
Colston Loveland,TE,CHI,134.5
Tyler Allgeier,RB,ATL,113.2
Isaac Guerendo,RB,SF,113.1
Detroit Defense,DEF,DET,126.5
Brandon Aubrey,K,DAL,133.1
Dak Prescott,QB,DAL,261.4
Tutu Atwell,WR,LA,90.4
Houston Defense,DEF,HOU,125.4
LA Chargers Defense,DEF,LAC,125.4
Miami Defense,DEF,MIA,125.3
Adonai Mitchell,WR,IND,90.1
Daniel Carlson,K,LV,132.6
Tyler Warren,TE,IND,131.9
Rico Dowdle,RB,CAR,110.2
Troy Franklin,WR,DEN,88.6
Tucker Kraft,TE,GB,130.9
Atlanta Defense,DEF,ATL,123.1
Jalen Royals,WR,KC,87.5
Jake Elliott,K,PHI,131.3
Brock Purdy,QB,SF,257.6
Brandin Cooks,WR,NO,86.5
Mike Williams,WR,LAC,86.3
Greg Zuerlein,K,NYJ,130.7
Jake Moody,K,SF,130.6
Nick Westbrook-Ikhine,WR,MIA,85.7
Indianapolis Defense,DEF,IND,120.2
Evan McPherson,K,CIN,129.9
Brenton Strange,TE,JAC,127.5
Jared Goff,QB,DET,254.5
Tyler Bass,K,BUF,129.6
Justin Herbert,QB,LAC,254.3
Chicago Defense,DEF,CHI,118.8
Ka'imi Fairbairn,K,HOU,129.3
Chase McLaughlin,K,TB,129.2
Chris Boswell,K,PIT,129.2
Jerome Ford,RB,CLE,104.6
Trevor Lawrence,QB,JAC,253.1
Seattle Defense,DEF,SEA,117.8
Trey Benson,RB,ARI,103.9
Jake Bates,K,DET,127.8
Jacksonville Defense,DEF,JAC,116.6
Isaiah Likely,TE,BAL,124.2
Hunter Henry,TE,NE,124.2
Mike Gesicki,TE,CIN,124.1
Dustin Hopkins,K,CLE,126.9
Zach Ertz,TE,WAS,123.7
Cam Little,K,JAC,126.7
Kyle Pitts,TE,ATL,123.2
Green Bay Defense,DEF,GB,115.4
Jason Myers,K,SEA,126
Cameron Dicker,K,LAC,125.9
Cairo Santos,K,CHI,125.8
Joshua Karty,K,LA,125.6
Will Reichard,K,MIN,125.3
Jason Sanders,K,MIA,125.3
Dontayvion Wicks,WR,GB,78.9
New Orleans Defense,DEF,NO,112.8
Pat Bryant,WR,DEN,76.7
Allen Lazard,WR,NYJ,76.6
Roschon Johnson,RB,CHI,98
Devaughn Vele,WR,DEN,76.4
Jaylin Noel,WR,HOU,76.1
Noah Brown,WR,WAS,76.1
Dyami Brown,WR,JAC,75.7
Wil Lutz,K,DEN,121.6
Las Vegas Defense,DEF,LV,110.5
J.J. McCarthy,QB,MIN,245.7
Joey Slye,K,TEN,121.2
Cade Otton,TE,TB,118.1
NY Giants Defense,DEF,NYG,110.4
Blake Corum,RB,LA,96.8
Elijah Moore,WR,BUF,75.2
Dalton Schultz,TE,HOU,117.8
Graham Gano,K,NYG,120.6
Jaleel McLaughlin,RB,DEN,95.9
Marquez Valdes-Scantling,WR,SEA,74.3
C.J. Stroud,QB,HOU,244.2
Drake Maye,QB,NE,243.9
Curtis Samuel,WR,BUF,73.4
Isaac TeSlaa,WR,DET,72.8
Jordan Love,QB,GB,243.2
Denver Defense,DEF,DEN,107.8
Blake Grupe,K,NO,118
Dylan Sampson,RB,CLE,93.6
Jalen Nailor,WR,MIN,72
Braelon Allen,RB,NYJ,92.7
Minnesota Defense,DEF,MIN,105.8
Chigoziem Okonkwo,TE,TEN,113.4
Tory Horton,WR,SEA,70
Demarcus Robinson,WR,SF,69.9
Jalen Tolbert,WR,DAL,69.7
Kayshon Boutte,WR,NE,68.8
Washington Defense,DEF,WAS,102.8
Juwan Johnson,TE,NO,110.1
Luke McCaffrey,WR,WAS,67
LA Rams Defense,DEF,LA,102
Malik Washington,WR,MIA,66.7
Tai Felton,WR,MIN,66.4
Roman Wilson,WR,PIT,66.1
Carolina Defense,DEF,CAR,101.2
Robert Woods,WR,PIT,65.9
Mason Taylor,TE,NYJ,108.6
Nick Chubb,RB,HOU,86.7
Greg Dortch,WR,ARI,64.6
Jaylen Wright,RB,MIA,86
Chimere Dike,WR,TEN,64.2
Geno Smith,QB,LV,234.4
New England Defense,DEF,NE,98.7
Justice Hill,RB,BAL,84.7
Audric Estime,RB,DEN,84.2
Kareem Hunt,RB,KC,83.6
Justin Fields,QB,NYJ,229.3
Tennessee Defense,DEF,TEN,93.8
Treylon Burks,WR,TEN,58.4
Theo Johnson,TE,NYG,100.1
Miles Sanders,RB,DAL,78.5
KaVontae Turpin,WR,DAL,56.3
Kendre Miller,RB,NO,77.7
Jordan Whittington,WR,LA,55.5
Matthew Stafford,QB,LA,224.5
MarShawn Lloyd,RB,GB,75.4
Parker Washington,WR,JAC,53.8
Devin Neal,RB,NO,75
Tua Tagovailoa,QB,MIA,223
Arizona Defense,DEF,ARI,87.6
Jimmy Horn,WR,CAR,52.3
Ja'Tavion Sanders,TE,CAR,94.4
Aaron Rodgers,QB,PIT,221.4
Malachi Corley,WR,NYJ,50.9
Jaylin Lane,WR,WAS,50.9
Tim Patrick,WR,DET,50.7
Mack Hollins,WR,NE,49.9
Arian Smith,WR,NYJ,49.2
Sam Darnold,QB,SEA,219.3
Will Shipley,RB,PHI,68.4
Terrance Ferguson,TE,LA,89.5
Josh Reynolds,WR,NYJ,46.6
Jahan Dotson,WR,PHI,46.5
DJ Giddens,RB,IND,66.8
Michael Penix,QB,ATL,215.5
Dont'e Thornton,WR,LV,45
Savion Williams,WR,GB,44.7
Bryce Young,QB,CAR,215
Olamide Zaccheaus,WR,CHI,44
Harold Fannin,TE,CLE,86.3
Jermaine Burton,WR,CIN,43.4
Ollie Gordon,RB,MIA,64.7
Brashard Smith,RB,KC,64.1
JuJu Smith-Schuster,WR,KC,42.1
Xavier Gipson,WR,NYJ,41.7
Tyler Johnson,WR,NYJ,41.6
Tyler Conklin,TE,LAC,84.3
Tyler Higbee,TE,LA,84.1
Cole Kmet,TE,CHI,83.1
Kendrick Bourne,WR,NE,39.9
Cam Ward,QB,TEN,210.1
Tez Johnson,WR,TB,37.8
Zack Moss,RB,CIN,59.3
Jordan James,RB,SF,59.1
Noah Gray,TE,KC,79.7
Raheem Mostert,RB,LV,57.7
Rondale Moore,WR,MIN,35.6
Jarquez Hunter,RB,LA,56.9
Kalif Raymond,WR,DET,35.2
Jalin Hyatt,WR,NYG,35.1
K.J. Osborn,WR,WAS,33.7
Christian Watson,WR,GB,33.6
Jake Bobo,WR,SEA,33.1
Jordan Watkins,WR,SF,33
Elijah Arroyo,TE,SEA,75.6
KhaDarel Hodge,WR,ATL,31.5
Damien Martinez,RB,SEA,52.5
Hunter Renfrow,WR,CAR,30.9
Elijah Mitchell,RB,KC,51.8
Antonio Gibson,RB,NE,51.8
Ben Sinnott,TE,WAS,73
KeAndre Lambert-Smith,WR,LAC,30.1
Jo'quavioius Marks,RB,HOU,51.5
Cam Akers,RB,NO,51.3
Sean Tucker,RB,TB,51.1
Jacob Cowing,WR,SF,29
Van Jefferson,WR,TEN,29
Michael Gallup,WR,WAS,29
Ja'Lynn Polk,WR,NE,28.4
Jamari Thrash,WR,CLE,28.1
Nathaniel Dell,WR,HOU,27.2
Devin Singletary,RB,NYG,48.6
Dameon Pierce,RB,HOU,47.7
Kyle Monangai,RB,CHI,47.3
Dare Ogunbowale,RB,HOU,47.3
Michael Mayer,TE,LV,68.3
AJ Dillon,RB,PHI,46.9
Khalil Herbert,RB,IND,46.6
Emanuel Wilson,RB,GB,46.4
Will Dissly,TE,LAC,67.6
Noah Fant,TE,SEA,67.3
Kenneth Gainwell,RB,PIT,45.8
Austin Hooper,TE,NE,66.9
Javon Baker,WR,NE,23.7
John Metchie,WR,HOU,23.4
Bub Means,WR,NO,23.4
Ryan Flournoy,WR,DAL,22.9
Isaiah Davis,RB,NYJ,44.2
Johnny Wilson,WR,PHI,22.1
Jonathan Mingo,WR,DAL,22.1
Keaton Mitchell,RB,BAL,43.1
Tahj Brooks,RB,CIN,42.2
Isaiah Williams,WR,CIN,20.4
Ricky White,WR,SEA,20.4
Brandon Johnson,WR,PIT,20
Jonathon Brooks,RB,CAR,41.2
Samaje Perine,RB,CIN,40.9
Russell Gage,WR,SF,19.2
Alexander Mattison,RB,MIA,40.7
Trevor Etienne,RB,CAR,40.4
Dawson Knox,TE,BUF,60.9
Taysom Hill,TE,NO,60.9
Ty Johnson,RB,BUF,39.4
Gunnar Helm,TE,TEN,60.5
Ty Chandler,RB,MIN,38.6
Luke Musgrave,TE,GB,59.5
Zay Jones,WR,ARI,15.9
David Moore,WR,CAR,15.5
Derius Davis,WR,LAC,15.4
AJ Barner,TE,SEA,58.2
David Bell,WR,CLE,15.2
Bo Melton,WR,GB,15
Devontez Walker,WR,BAL,14.2
Konata Mumpfield,WR,LA,13.6
Sincere McCormick,RB,LV,35
Trey Palmer,WR,TB,13.1
Parris Campbell,WR,DAL,13
Justin Watson,WR,HOU,13
Donovan Peoples-Jones,WR,NO,12.9
Ihmir Smith-Marsette,WR,NYG,12.8
Emari Demercado,RB,ARI,34.3
DeAndre Carter,WR,CLE,12.5
Xavier Smith,WR,LA,12.5
Terrace Marshall,WR,PHI,12.4
Cedrick Wilson,WR,NO,12.4
Sterling Shepard,WR,TB,12.3
Tyquan Thornton,WR,KC,12.3
Jha'Quan Jackson,WR,TEN,12.3
Charlie Jones,WR,CIN,12.2
Tyler Scott,WR,CHI,12.2
Jacory Croskey-Merritt,RB,WAS,33.7
Oronde Gadsden,TE,LAC,54.8
Kyle Philips,WR,LV,11.9
Jalen Brooks,WR,DAL,11.8
Ben Skowronek,WR,PIT,11.6
Cordarrelle Patterson,RB,PIT,33.1
Devin Duvernay,WR,CHI,11.3
Foster Moreau,TE,NO,54.1
Mecole Hardman,WR,GB,9.7
Tylan Wallace,WR,BAL,9.1
Laviska Shenault,WR,BUF,8.8
Scotty Miller,WR,PIT,8.7
Skyy Moore,WR,KC,8.6
Anthony Gould,WR,IND,8.5
K.J. Hamler,WR,BUF,8.3
Ashton Dulin,WR,IND,8.3
Laquon Treadwell,WR,IND,8.3
Kalel Mullings,RB,TEN,29.7
LaJohntay Wester,WR,BAL,8.1
Jalen Reagor,WR,LAC,8.1
Kaden Prather,WR,BUF,8
D.J. Montgomery,WR,IND,8
Trenton Irwin,WR,JAC,8
Collin Johnson,WR,LV,8
Chris Moore,WR,WAS,8
Malik Heath,WR,GB,7.9
Tahj Washington,WR,MIA,7.9
Trent Sherfield,WR,DEN,7.9
Xavier Hutchinson,WR,HOU,7.9
Joshua Cephus,WR,JAC,7.9
Kevin Austin,WR,NO,7.9
Bryce Ford-Wheaton,WR,NYG,7.9
Ainias Smith,WR,PHI,7.9
Dareke Young,WR,SEA,7.9
Brenden Rice,WR,LAC,7.7
Tim Jones,WR,MIN,7.7
Xavier Weaver,WR,ARI,7.7
Austin Trammell,WR,JAC,7.7
Nikko Remigio,WR,KC,7.7
Erik Ezukanma,WR,MIA,7.7
Mason Tipton,WR,NO,7.7
Gunner Olszewski,WR,NYG,7.7
Steven Sims,WR,SEA,7.7
Colton Dowell,WR,TEN,7.7
Junior Bergen,WR,SF,7.7
Ryan Miller,WR,TB,7.7
Kameron Johnson,WR,TB,7.7
Tommy Mellott,WR,LV,7.6
Michael Woods,WR,CLE,7.6
D'Wayne Eskridge,WR,MIA,7.2
Kyle Juszczyk,RB,SF,27.7
Samori Toure,WR,CHI,4.7
Irvin Charles,WR,NYJ,4.7
Marquez Callaway,WR,TB,4.7
Mike Strachan,WR,WAS,4.7
A.T. Perry,WR,DEN,4.6
Rakim Jarrett,WR,TB,4.6
Tyler Badie,RB,DEN,26.1
Dominic Lovett,WR,DET,4.5
Lil'Jordan Humphrey,WR,NYG,4.5
Simi Fehoko,WR,ARI,4.4
Quez Watkins,WR,ARI,4.4
Casey Washington,WR,ATL,4.4
Mitchell Tinsley,WR,CIN,4.4
Zach Pascal,WR,NYG,4.4
Lance McCutcheon,WR,PIT,4.4
Zamir White,RB,LV,25.8
Carson Steele,RB,KC,23.8
Jeremy McNichols,RB,WAS,23.6
Luke Schoonmaker,TE,DAL,44
Michael Carter,RB,ARI,22
Christopher Brooks,RB,GB,21.9
Phil Mafah,RB,DAL,21.8
Tejhaun Palmer,WR,ARI,0
Andre Baccellia,WR,ARI,0
Tom Kennedy,WR,DET,0
Ronnie Bell,WR,DET,0
Justyn Ross,WR,KC,0
Xavier Restrepo,WR,TEN,0
Kimani Vidal,RB,LAC,21.5
Craig Reynolds,RB,DET,19.9
Darnell Washington,TE,PIT,40.7
Elijah Higgins,TE,ARI,40.2
Cade Stover,TE,HOU,39.8
Alec Ingold,RB,MIA,15.7
Grant Calcaterra,TE,PHI,36.8
Kylen Granson,TE,PHI,36.8
Patrick Taylor,RB,SF,15.1
Tommy Tremble,TE,CAR,36.1
Chris Rodriguez,RB,WAS,14.7
Julius Chestnut,RB,TEN,14.4
Kenny McIntosh,RB,SEA,14.1
Jordan Mims,RB,NO,13.8
Sione Vaki,RB,DET,13.5
LeQuint Allen,RB,JAC,13.4
Colby Parkinson,TE,LA,34.3
Tyler Shough,QB,NO,161.7
C.J. Ham,RB,MIN,12.8
Mitchell Evans,TE,CAR,33.8
Gavin Bartholomew,TE,MIN,33.5
Deuce Vaughn,RB,DAL,12.1
Payne Durham,TE,TB,33.1
Hassan Haskins,RB,LAC,11.7
Jeremy Ruckert,TE,NYJ,32.7
Clyde Edwards-Helaire,RB,NO,11.3
Drew Sample,TE,CIN,32.5
Jase McClellan,RB,ATL,10.9
Tyler Goodson,RB,IND,10.4
Dylan Laube,RB,LV,9.8
Lucas Krull,TE,DEN,31
Tre Stewart,RB,MIN,9.5
Eric Gray,RB,NYG,9.5
Aaron Shampklin,RB,PIT,9.4
Keilan Robinson,RB,JAC,9.4
Patrick Ricard,RB,BAL,9.2
Greg Dulcich,TE,NYG,30.3
Adam Trautman,TE,DEN,29.6
Daniel Bellinger,TE,NYG,29.6
Brock Wright,TE,DET,29.3
Julian Hill,TE,MIA,29.2
Luke Farrell,TE,SF,29.1
Tanner Hudson,TE,CIN,29.1
Pierre Strong,RB,CLE,7.8
Israel Abanikanda,RB,SF,7.8
Velus Jones,RB,NO,7.6
Josh Oliver,TE,MIN,28.6
DeeJay Dallas,RB,ARI,7.3
Hunter Long,TE,JAC,28.2
Josh Whyle,TE,TEN,27.9
Travis Homer,RB,CHI,6.5
Charlie Woerner,TE,ATL,26.6
Evan Hull,RB,PIT,5
Malik Davis,RB,DAL,4.5
Keaontay Ingram,RB,KC,4.4
Jabari Small,RB,TEN,4.4
Rasheen Ali,RB,BAL,4.4
British Brooks,RB,HOU,4.4
Jawhar Jordan,RB,HOU,4.4
Cody Schrader,RB,LA,4.4
Ronnie Rivers,RB,LA,4.4
Terrell Jennings,RB,NE,4.3
George Holani,RB,SEA,4.3
DJ Williams,RB,TB,4.3
Zach Evans,RB,NYJ,3.9
Blake Watson,RB,DEN,3.8
Lew Nichols,RB,PHI,3.8
Mo Alie-Cox,TE,IND,24.6
Raheem Blackshear,RB,CAR,3.2
Kene Nwangwu,RB,NYJ,3.2
Salvon Ahmed,RB,IND,3.2
Carlos Washington Jr.,RB,ATL,2.6
Jaret Patterson,RB,LAC,2.6
Dante Miller,RB,NYG,2.6
Brevin Jordan,TE,HOU,22
Darrynton Evans,RB,BUF,0.6
Jonathan Ward,RB,PIT,0
Xazavian Valladay,RB,NO,0
Troy Hairston,RB,CLE,0
Avery Williams,RB,PHI,0
Johnny Mundt,TE,JAC,21.1
Anthony Richardson,QB,IND,148.2
Jared Wiley,TE,KC,19.7
Russell Wilson,QB,NYG,145.3
Stone Smartt,TE,NYJ,14.6
Davis Allen,TE,LA,14
Connor Heyward,TE,PIT,13.9
Durham Smythe,TE,CHI,13.6
Tip Reiman,TE,ARI,13.4
Jelani Woods,TE,IND,12.7
Feleipe Franks,TE,ATL,12.2
Charlie Kolar,TE,BAL,12
Nate Adkins,TE,DEN,11.8
Caleb Lohner,TE,DEN,11.4
Harrison Bryant,TE,PHI,11.4
John Bates,TE,WAS,11.3
Jaheim Bell,TE,NE,11.2
Blake Whiteheart,TE,CLE,11.2
Brevyn Spann-Ford,TE,DAL,11.2
Will Mallory,TE,IND,11.2
Dallin Holker,TE,NO,11.2
Cameron Latu,TE,PHI,11.2
Andrew Ogletree,TE,IND,8.3
Tanner Conner,TE,MIA,7.8
Irv Smith Jr.,TE,HOU,7.7
Ben Sims,TE,GB,7.6
Pharaoh Brown,TE,MIA,7.4
Colson Yankoff,TE,WAS,7.3
Jackson Hawes,TE,BUF,7.3
Kenny Yeboah,TE,DET,7.3
Tanner McLachlan,TE,CIN,7.3
Erick All,TE,CIN,7.3
Justin Shorter,TE,LV,7.3
Nick Muse,TE,PHI,7.2
Jake Tonges,TE,SF,7.1
Robbie Ouzts,TE,SEA,7.1
Chris Manhertz,TE,NYG,7.1
Brayden Willis,TE,SF,7.1
Ko Kieft,TE,TB,4.2
Thomas Odukoya,TE,TEN,4.1
Lawrence Cager,TE,WAS,4.1
Devin Culp,TE,TB,4.1
Eric Saubert,TE,SEA,4.1
Teagan Quitoriano,TE,ATL,4.1
Jack Westover,TE,NE,4.1
Shane Zylstra,TE,DET,4.1
Ian Thomas,TE,LV,4.1
Zack Kuntz,TE,NYJ,4.1
Donald Parham Jr.,TE,PIT,4.1
Daniel Jones,QB,IND,128.9
Jake Briningstool,TE,KC,0
David Martin-Robinson,TE,TEN,0
Tucker Fisk,TE,LAC,0
James Mitchell,TE,CAR,0
Zach Davidson,TE,BUF,0
Brenden Bates,TE,CLE,0
Andrew Beck,TE,NYJ,0
Robert Tonyan,TE,KC,0
Luke Lachey,TE,HOU,0
John FitzPatrick,TE,GB,0
Chad Ryland,K,ARI,0
Ryan Fitzgerald,K,CAR,0
Maddux Trujillo,K,IND,0
Tyler Loop,K,BAL,0
Andres Borregales,K,NE,0
Matthew Wright,K,CAR,0
Brandon McManus,K,GB,0
Spencer Shrader,K,IND,0
Caden Davis,K,NYJ,0
John Parker Romo,K,NE,0
Lenny Krieg,K,ATL,0
Jonathan Kim,K,CHI,0
Anders Carlson,K,NYJ,0
Jaxson Dart,QB,NYG,101.3
Joe Flacco,QB,CLE,92
Kenny Pickett,QB,CLE,64.7
Spencer Rattler,QB,NO,56.3
Shedeur Sanders,QB,CLE,49.9
Tyrod Taylor,QB,NYJ,42.7
Jalen Milroe,QB,SEA,35.9
Sam Howell,QB,MIN,34.2
Zach Wilson,QB,MIA,32.9
Marcus Mariota,QB,WAS,30.2
Kirk Cousins,QB,ATL,29.6
Joshua Dobbs,QB,NE,28.8
Jacoby Brissett,QB,ARI,28.5
Jake Browning,QB,CIN,27.7
Will Levis,QB,TEN,27.4
Cooper Rush,QB,BAL,27.3
Joe Milton,QB,DAL,27.2
Malik Willis,QB,GB,25.6
Nick Mullens,QB,JAC,24.9
Andy Dalton,QB,CAR,24.4
Mac Jones,QB,SF,23.6
Taylor Heinicke,QB,LAC,23.4
Jimmy Garoppolo,QB,LA,23
Jarrett Stidham,QB,DEN,22.7
Kyle Trask,QB,TB,22.6
Aidan O'Connell,QB,LV,22.3
Gardner Minshew II,QB,KC,21.7
Tyson Bagent,QB,CHI,21.7
Mitchell Trubisky,QB,BUF,21.4
Davis Mills,QB,HOU,21.1
Mason Rudolph,QB,PIT,21
Hendon Hooker,QB,DET,18.5
Tanner McKee,QB,PHI,17.7
Dillon Gabriel,QB,CLE,14.3
Jake Haener,QB,NO,9.9
Deshaun Watson,QB,CLE,9.6
Jameis Winston,QB,NYG,8
Quinn Ewers,QB,MIA,7.2
Riley Leonard,QB,IND,5
Drew Lock,QB,SEA,4.5
Will Howard,QB,PIT,3.7
Dorian Thompson-Robinson,QB,PHI,3.1
Kyle McCord,QB,PHI,2
Trey Lance,QB,LAC,1.5
Bailey Zappe,QB,KC,1.2
Tommy DeVito,QB,NYG,0
Adrian Martinez,QB,NYJ,0
Skylar Thompson,QB,PIT,0
Jaren Hall,QB,SEA,0
Kurtis Rourke,QB,SF,0
Josh Johnson,QB,WAS,0
Case Keenum,QB,CHI,0
Clayton Tune,QB,ARI,0
Easton Stick,QB,ATL,0
Emory Jones,QB,ATL,0
Mike White,QB,BUF,0
Kyle Allen,QB,DET,0
Stetson Bennett,QB,LA,0
Cam Miller,QB,LV,0
Derek Carr,QB,NO,0